Name,User_Name,Time,date
rudran,rudran,16:33:20.614354,2024-08-27
rudran,rudran,10:09:17.299995,2024-09-03
rudran,rudran,10:21:50.985532,2024-09-03
rudran,rudran,10:32:37.596038,2024-09-03
rudran,rudran,10:38:22.397562,2024-09-10
rudran,rudran,10:39:13.515589,2024-09-10
rudran,rudran,10:41:03.315613,2024-09-10
rudra,th,11:39:38.578826,2024-09-10
th,th,11:40:50.522793,2024-09-10
rudran,rudran,11:40:59.225741,2024-09-10
th,th,11:41:31.161668,2024-09-10
rudran,rudran,11:41:41.209936,2024-09-10
rudran,rudran,12:18:20.870557,2024-09-10
rudran,rudran,12:19:57.527534,2024-09-10
rudran,rudran,12:24:32.267669,2024-09-10
th,th,12:27:52.924152,2024-09-10
rudran,rudran,12:28:55.437294,2024-09-10
rudran,rudran,13:02:13.007226,2024-09-10
rudran,rudran,13:02:32.139290,2024-09-10
rudran,rudran,13:02:46.074810,2024-09-10
rudran,rudran,13:02:56.090570,2024-09-10
rudran,rudran,13:03:26.010262,2024-09-10
rudran,rudran,13:05:52.073736,2024-09-10
rudran,rudran,13:07:58.272218,2024-09-10
rudran,rudran,13:08:27.863106,2024-09-10
rudran,rudran,13:09:10.079662,2024-09-10
rudran,rudran,14:39:09.682375,2024-09-10
rudran,rudran,14:44:33.353284,2024-09-10
rudran,rudran,14:47:02.011744,2024-09-10
